variant,condition,id,seed,auroc,pr_auc,mae
full,coupled,100,0,0.8119,0.4994,0.332027
full,coupled,100,1,0.7866,0.4559,0.331364
full,coupled,100,42,0.7903,0.4053,0.342272
full,coupled,101,0,0.7006,0.3015,0.376469
full,coupled,101,1,0.6949,0.3527,0.377956
full,coupled,101,42,0.6936,0.3413,0.37851
full,coupled,102,0,0.8162,0.4246,0.351905
full,coupled,102,1,0.8034,0.4828,0.357768
full,coupled,102,42,0.8159,0.4006,0.354373
full,coupled,103,0,0.7414,0.2457,0.373322
full,coupled,103,1,0.7224,0.231,0.380598
full,coupled,103,42,0.724,0.2187,0.390716
full,coupled,104,0,0.7535,0.2657,0.391657
full,coupled,104,1,0.7378,0.2803,0.385771
full,coupled,104,42,0.7586,0.3111,0.380479
full,coupled,105,0,0.8211,0.3438,0.362131
full,coupled,105,1,0.8482,0.4103,0.355576
full,coupled,105,42,0.8364,0.3689,0.360548
full,coupled,106,0,0.8468,0.3961,0.345446
full,coupled,106,1,0.8604,0.4631,0.339942
full,coupled,106,42,0.857,0.4824,0.34318
full,coupled,107,0,0.8227,0.3525,0.353728
full,coupled,107,1,0.8095,0.3578,0.364866
full,coupled,107,42,0.8094,0.3494,0.354671
full,coupled,108,0,0.8464,0.4869,0.329838
full,coupled,108,1,0.8374,0.4538,0.3308
full,coupled,108,42,0.8417,0.4647,0.327612
full,coupled,109,0,0.7484,0.3075,0.334703
full,coupled,109,1,0.7424,0.293,0.336791
full,coupled,109,42,0.7688,0.3164,0.342898
full,independent,100,0,0.9214,0.5058,0.312882
full,independent,100,1,0.9186,0.5196,0.313288
full,independent,100,42,0.9198,0.5167,0.313846
full,independent,101,0,0.9547,0.4946,0.329594
full,independent,101,1,0.9516,0.4801,0.332469
full,independent,101,42,0.9571,0.5198,0.330239
full,independent,102,0,0.952,0.639,0.302805
full,independent,102,1,0.9536,0.631,0.303866
full,independent,102,42,0.9507,0.6223,0.303587
full,independent,103,0,0.9195,0.5976,0.316214
full,independent,103,1,0.9234,0.589,0.317901
full,independent,103,42,0.9175,0.6004,0.321378
full,independent,104,0,0.9546,0.6326,0.288629
full,independent,104,1,0.953,0.6303,0.287824
full,independent,104,42,0.9526,0.6254,0.288402
full,independent,105,0,0.9577,0.5503,0.342404
full,independent,105,1,0.9598,0.5692,0.339128
full,independent,105,42,0.961,0.5753,0.336482
full,independent,106,0,0.9485,0.5376,0.290612
full,independent,106,1,0.9477,0.5361,0.294492
full,independent,106,42,0.9518,0.5502,0.288428
full,independent,107,0,0.9358,0.4711,0.327902
full,independent,107,1,0.927,0.4338,0.334478
full,independent,107,42,0.9317,0.452,0.329842
full,independent,108,0,0.9709,0.8348,0.29415
full,independent,108,1,0.9682,0.8223,0.298291
full,independent,108,42,0.9696,0.8191,0.297887
full,independent,109,0,0.9467,0.573,0.290766
full,independent,109,1,0.9466,0.5757,0.291336
full,independent,109,42,0.9456,0.5729,0.290918
no_mswea_pm,coupled,100,0,0.7873,0.41,0.327528
no_mswea_pm,coupled,100,1,0.7814,0.2761,0.325607
no_mswea_pm,coupled,100,42,0.7894,0.343,0.320448
no_mswea_pm,coupled,101,0,0.8215,0.3686,0.365783
no_mswea_pm,coupled,101,1,0.8094,0.3401,0.367511
no_mswea_pm,coupled,101,42,0.8293,0.3727,0.360604
no_mswea_pm,coupled,102,0,0.8479,0.4666,0.344082
no_mswea_pm,coupled,102,1,0.8168,0.4395,0.344104
no_mswea_pm,coupled,102,42,0.8415,0.4732,0.345676
no_mswea_pm,coupled,103,0,0.7425,0.2286,0.378355
no_mswea_pm,coupled,103,1,0.7888,0.2526,0.376409
no_mswea_pm,coupled,103,42,0.7119,0.2035,0.381804
no_mswea_pm,coupled,104,0,0.7919,0.3506,0.36963
no_mswea_pm,coupled,104,1,0.7412,0.3085,0.363
no_mswea_pm,coupled,104,42,0.7445,0.2964,0.361837
no_mswea_pm,coupled,105,0,0.8317,0.3355,0.351441
no_mswea_pm,coupled,105,1,0.8262,0.3342,0.354045
no_mswea_pm,coupled,105,42,0.8168,0.3183,0.354197
no_mswea_pm,coupled,106,0,0.8473,0.428,0.333896
no_mswea_pm,coupled,106,1,0.8705,0.4766,0.331548
no_mswea_pm,coupled,106,42,0.8676,0.4612,0.34469
no_mswea_pm,coupled,107,0,0.8515,0.375,0.354637
no_mswea_pm,coupled,107,1,0.8458,0.3637,0.362544
no_mswea_pm,coupled,107,42,0.8522,0.3797,0.353962
no_mswea_pm,coupled,108,0,0.8625,0.4115,0.330236
no_mswea_pm,coupled,108,1,0.882,0.432,0.322784
no_mswea_pm,coupled,108,42,0.8423,0.4033,0.331201
no_mswea_pm,coupled,109,0,0.7492,0.2469,0.343149
no_mswea_pm,coupled,109,1,0.7365,0.2464,0.339616
no_mswea_pm,coupled,109,42,0.7671,0.2743,0.331414
no_mswea_pm,independent,100,0,0.9185,0.5107,0.316017
no_mswea_pm,independent,100,1,0.9201,0.5227,0.316558
no_mswea_pm,independent,100,42,0.92,0.5208,0.315422
no_mswea_pm,independent,101,0,0.9499,0.4678,0.337643
no_mswea_pm,independent,101,1,0.9509,0.4716,0.340649
no_mswea_pm,independent,101,42,0.948,0.4624,0.340009
no_mswea_pm,independent,102,0,0.9503,0.6088,0.310768
no_mswea_pm,independent,102,1,0.9432,0.5552,0.31224
no_mswea_pm,independent,102,42,0.9503,0.5985,0.305113
no_mswea_pm,independent,103,0,0.9088,0.5432,0.323133
no_mswea_pm,independent,103,1,0.9094,0.5402,0.323555
no_mswea_pm,independent,103,42,0.8991,0.5075,0.32316
no_mswea_pm,independent,104,0,0.9503,0.5826,0.296682
no_mswea_pm,independent,104,1,0.9561,0.6171,0.298871
no_mswea_pm,independent,104,42,0.9525,0.5794,0.29226
no_mswea_pm,independent,105,0,0.9551,0.5377,0.34754
no_mswea_pm,independent,105,1,0.9519,0.5265,0.35159
no_mswea_pm,independent,105,42,0.955,0.5476,0.347851
no_mswea_pm,independent,106,0,0.9449,0.5214,0.294409
no_mswea_pm,independent,106,1,0.942,0.5037,0.298618
no_mswea_pm,independent,106,42,0.9475,0.5349,0.293322
no_mswea_pm,independent,107,0,0.9287,0.4386,0.33386
no_mswea_pm,independent,107,1,0.9298,0.4449,0.334364
no_mswea_pm,independent,107,42,0.9315,0.4496,0.333362
no_mswea_pm,independent,108,0,0.9636,0.7626,0.305023
no_mswea_pm,independent,108,1,0.9667,0.7864,0.303482
no_mswea_pm,independent,108,42,0.9612,0.7406,0.303975
no_mswea_pm,independent,109,0,0.9494,0.584,0.291716
no_mswea_pm,independent,109,1,0.9477,0.5768,0.294963
no_mswea_pm,independent,109,42,0.9463,0.5695,0.29292
no_mswea,coupled,100,0,0.7991,0.4293,0.323533
no_mswea,coupled,100,1,0.786,0.374,0.320438
no_mswea,coupled,100,42,0.8158,0.5001,0.329354
no_mswea,coupled,101,0,0.8304,0.4173,0.361393
no_mswea,coupled,101,1,0.8345,0.3932,0.363366
no_mswea,coupled,101,42,0.8054,0.3123,0.361413
no_mswea,coupled,102,0,0.842,0.5022,0.342587
no_mswea,coupled,102,1,0.8278,0.4621,0.340936
no_mswea,coupled,102,42,0.8739,0.5026,0.342496
no_mswea,coupled,103,0,0.6914,0.1882,0.400566
no_mswea,coupled,103,1,0.7265,0.2251,0.375596
no_mswea,coupled,103,42,0.7348,0.2144,0.381868
no_mswea,coupled,104,0,0.7807,0.3265,0.364923
no_mswea,coupled,104,1,0.7577,0.2924,0.36522
no_mswea,coupled,104,42,0.7915,0.3435,0.368244
no_mswea,coupled,105,0,0.8173,0.3362,0.36049
no_mswea,coupled,105,1,0.8289,0.3335,0.354313
no_mswea,coupled,105,42,0.8373,0.345,0.34527
no_mswea,coupled,106,0,0.8634,0.457,0.331926
no_mswea,coupled,106,1,0.854,0.4217,0.335825
no_mswea,coupled,106,42,0.8603,0.4303,0.328913
no_mswea,coupled,107,0,0.8405,0.361,0.356482
no_mswea,coupled,107,1,0.8595,0.4143,0.353617
no_mswea,coupled,107,42,0.8507,0.3664,0.361779
no_mswea,coupled,108,0,0.8481,0.371,0.332691
no_mswea,coupled,108,1,0.8509,0.3898,0.321938
no_mswea,coupled,108,42,0.8271,0.3779,0.3216
no_mswea,coupled,109,0,0.7212,0.2407,0.338512
no_mswea,coupled,109,1,0.7192,0.2202,0.353289
no_mswea,coupled,109,42,0.7709,0.2736,0.335798
no_mswea,independent,100,0,0.917,0.5019,0.314448
no_mswea,independent,100,1,0.9181,0.5105,0.316055
no_mswea,independent,100,42,0.9174,0.5011,0.315375
no_mswea,independent,101,0,0.9417,0.4367,0.340622
no_mswea,independent,101,1,0.9442,0.4473,0.340014
no_mswea,independent,101,42,0.9425,0.4401,0.341888
no_mswea,independent,102,0,0.9423,0.5684,0.308269
no_mswea,independent,102,1,0.943,0.5686,0.305886
no_mswea,independent,102,42,0.9458,0.5838,0.309644
no_mswea,independent,103,0,0.917,0.5832,0.317636
no_mswea,independent,103,1,0.915,0.5484,0.321388
no_mswea,independent,103,42,0.9103,0.5401,0.323297
no_mswea,independent,104,0,0.9482,0.5825,0.294453
no_mswea,independent,104,1,0.9499,0.5818,0.296075
no_mswea,independent,104,42,0.9515,0.5801,0.294467
no_mswea,independent,105,0,0.949,0.518,0.35035
no_mswea,independent,105,1,0.9554,0.5445,0.344953
no_mswea,independent,105,42,0.9485,0.5054,0.354164
no_mswea,independent,106,0,0.9444,0.5201,0.295141
no_mswea,independent,106,1,0.9495,0.5404,0.294814
no_mswea,independent,106,42,0.9444,0.5187,0.296074
no_mswea,independent,107,0,0.9267,0.4312,0.334303
no_mswea,independent,107,1,0.9277,0.4356,0.334662
no_mswea,independent,107,42,0.9271,0.4322,0.334983
no_mswea,independent,108,0,0.9621,0.754,0.303367
no_mswea,independent,108,1,0.9654,0.7929,0.298833
no_mswea,independent,108,42,0.9683,0.8214,0.297497
no_mswea,independent,109,0,0.9477,0.5799,0.292301
no_mswea,independent,109,1,0.9467,0.5748,0.292413
no_mswea,independent,109,42,0.9484,0.5829,0.29255
