condition,unit,anomaly_rate,mean,persistence,cross_channel,own_history
coupled,0,0.105,0.5529,0.5768,0.9988,0.6665
coupled,1,0.125,0.57,0.5113,0.9925,0.7709
coupled,2,0.105,0.4828,0.4741,0.9981,0.7672
coupled,3,0.102,0.4946,0.5481,0.998,0.7344
coupled,4,0.112,0.5028,0.5163,0.9981,0.6732
independent,0,0.124,0.529,0.6115,0.5386,0.8468
independent,1,0.126,0.5066,0.6216,0.4902,0.8146
independent,2,0.12,0.4918,0.5239,0.4774,0.8825
independent,3,0.117,0.5011,0.5639,0.3927,0.8913
independent,4,0.103,0.3886,0.5897,0.6624,0.8721
