variant,dataset,id,seed,auroc,pr_auc,mse,mae,anom_rate,wall_min
adv_on,skab,0,0,0.4108,0.75,7.049584,1.644127,0.699,0.4
adv_on,skab,0,1,0.4122,0.7536,7.19206,1.663339,0.699,0.4
adv_on,skab,0,42,0.4271,0.7603,7.369863,1.68135,0.699,0.4
adv_on,skab,1,0,0.4054,0.6202,2.039601,1.074353,0.702,0.4
adv_on,skab,1,1,0.3839,0.6127,2.139688,1.095219,0.702,0.4
adv_on,skab,1,42,0.3924,0.6111,2.196038,1.114171,0.702,0.4
adv_on,skab,2,0,0.5783,0.7738,1.222015,0.899382,0.662,0.4
adv_on,skab,2,1,0.6673,0.836,1.220569,0.897671,0.662,0.4
adv_on,skab,2,42,0.5749,0.7636,1.181136,0.893213,0.662,0.4
adv_on,skab,3,0,0.8803,0.9608,2.221334,0.978905,0.703,0.4
adv_on,skab,3,1,0.89,0.9639,2.168087,0.962641,0.703,0.4
adv_on,skab,3,42,0.8803,0.9612,2.104831,0.944751,0.703,0.4
adv_on,skab,4,0,0.1694,0.4952,2.238232,1.108737,0.669,0.4
adv_on,skab,4,1,0.1462,0.4862,2.130634,1.084,0.669,0.4
adv_on,skab,4,42,0.1614,0.4918,2.25537,1.106084,0.669,0.4
adv_on,smd,machine-1-1,0,0.9461,0.686,,,0.095,11.5
adv_on,smd,machine-1-1,1,0.935,0.6643,,,0.095,11.3
adv_on,smd,machine-1-1,42,0.938,0.6674,,,0.095,11.2
adv_on,smd,machine-1-4,0,0.9313,0.2606,,,0.03,9.4
adv_on,smd,machine-1-4,1,0.9323,0.2606,,,0.03,9.3
adv_on,smd,machine-1-4,42,0.931,0.2612,,,0.03,9.4
adv_on,smd,machine-2-1,0,0.7922,0.2938,,,0.049,9.3
adv_on,smd,machine-2-1,1,0.793,0.2966,,,0.049,9.3
adv_on,smd,machine-2-1,42,0.791,0.2928,,,0.049,9.3
full,skab,0,0,0.4108,0.7501,7.060981,1.644787,0.699,0.3
full,skab,0,1,0.4137,0.7544,7.256357,1.672295,0.699,0.3
full,skab,0,42,0.4281,0.7608,7.300783,1.671501,0.699,0.3
full,skab,1,0,0.4002,0.6167,2.044516,1.075032,0.702,0.3
full,skab,1,1,0.3775,0.6099,2.118397,1.089195,0.702,0.3
full,skab,1,42,0.3847,0.6088,2.149782,1.102502,0.702,0.3
full,skab,2,0,0.5821,0.776,1.226385,0.90026,0.662,0.3
full,skab,2,1,0.6723,0.8377,1.208739,0.894803,0.662,0.3
full,skab,2,42,0.5995,0.7847,1.198854,0.897058,0.662,0.3
full,skab,3,0,0.8801,0.9608,2.223415,0.980292,0.703,0.3
full,skab,3,1,0.8903,0.964,2.138551,0.953762,0.703,0.3
full,skab,3,42,0.8801,0.9611,2.09875,0.941478,0.703,0.3
full,skab,4,0,0.1667,0.4941,2.210734,1.103536,0.669,0.3
full,skab,4,1,0.1468,0.4865,2.12375,1.081463,0.669,0.3
full,skab,4,42,0.1577,0.4905,2.208457,1.096718,0.669,0.3
full,smd,machine-1-1,0,0.9427,0.6771,50636.570312,1.738242,0.095,8.9
full,smd,machine-1-1,1,0.9336,0.6608,50636.113281,1.727877,0.095,9.0
full,smd,machine-1-1,42,0.9406,0.6701,50636.890625,1.737125,0.095,8.9
full,smd,machine-1-4,0,0.9346,0.2621,196.091385,0.288313,0.03,7.4
full,smd,machine-1-4,1,0.9331,0.261,196.105728,0.289494,0.03,7.4
full,smd,machine-1-4,42,0.9351,0.2626,196.091782,0.289408,0.03,7.5
full,smd,machine-2-1,0,0.7976,0.3005,1.434618,0.311874,0.049,7.5
full,smd,machine-2-1,1,0.8012,0.2999,1.435905,0.318146,0.049,7.4
full,smd,machine-2-1,42,0.7963,0.292,1.432038,0.315933,0.049,7.4
no_mswea,skab,0,0,0.3697,0.7238,6.724988,1.611376,0.699,0.2
no_mswea,skab,0,1,0.3666,0.7225,6.946004,1.631287,0.699,0.2
no_mswea,skab,0,42,0.3767,0.726,6.887823,1.625219,0.699,0.2
no_mswea,skab,1,0,0.4045,0.6184,2.066901,1.075472,0.702,0.2
no_mswea,skab,1,1,0.4186,0.6286,2.053311,1.074997,0.702,0.2
no_mswea,skab,1,42,0.402,0.6169,2.027826,1.065759,0.702,0.2
no_mswea,skab,2,0,0.4886,0.7102,1.08403,0.863961,0.662,0.2
no_mswea,skab,2,1,0.4554,0.6928,1.101493,0.871221,0.662,0.2
no_mswea,skab,2,42,0.4956,0.7237,1.069498,0.859477,0.662,0.2
no_mswea,skab,3,0,0.8954,0.9659,1.967201,0.904043,0.703,0.2
no_mswea,skab,3,1,0.8918,0.9648,1.936816,0.897822,0.703,0.2
no_mswea,skab,3,42,0.8899,0.964,1.966673,0.904948,0.703,0.2
no_mswea,skab,4,0,0.113,0.4749,1.98922,1.054505,0.669,0.2
no_mswea,skab,4,1,0.1228,0.4785,2.076386,1.068008,0.669,0.2
no_mswea,skab,4,42,0.1381,0.4838,2.063844,1.063338,0.669,0.2
no_mswea,smd,machine-1-1,0,0.9377,0.6811,,,0.095,45.7
no_mswea,smd,machine-1-1,1,0.9414,0.6859,,,0.095,45.7
no_mswea,smd,machine-1-1,42,0.9428,0.6833,,,0.095,45.8
no_mswea,smd,machine-1-4,0,0.9326,0.2621,,,0.03,38.1
no_mswea,smd,machine-1-4,1,0.9292,0.2598,,,0.03,38.0
no_mswea,smd,machine-1-4,42,0.9308,0.2613,,,0.03,38.1
no_mswea,smd,machine-2-1,0,0.7864,0.2864,,,0.049,38.1
no_mswea,smd,machine-2-1,1,0.7858,0.2892,,,0.049,38.0
no_mswea,smd,machine-2-1,42,0.7836,0.2878,,,0.049,38.0
no_swse,skab,0,0,0.4533,0.7863,5.767632,1.560917,0.699,1.3
no_swse,skab,0,1,0.4141,0.7536,5.781554,1.560757,0.699,1.3
no_swse,skab,0,42,0.385,0.7307,6.229827,1.635541,0.699,1.3
no_swse,skab,1,0,0.2581,0.5833,2.037348,1.072833,0.702,1.3
no_swse,skab,1,1,0.1986,0.5684,1.997534,1.063742,0.702,1.3
no_swse,skab,1,42,0.2881,0.5752,2.161005,1.102533,0.702,1.3
no_swse,skab,2,0,0.8484,0.922,1.154329,0.864477,0.662,1.3
no_swse,skab,2,1,0.7861,0.8841,1.039128,0.803248,0.662,1.3
no_swse,skab,2,42,0.8501,0.925,1.159516,0.860659,0.662,1.3
no_swse,skab,3,0,0.9711,0.9889,1.768487,0.922302,0.703,1.3
no_swse,skab,3,1,0.9461,0.9798,1.717685,0.910596,0.703,1.3
no_swse,skab,3,42,0.9186,0.9713,1.701005,0.909692,0.703,1.3
no_swse,skab,4,0,0.1304,0.4803,1.960208,1.064404,0.669,1.3
no_swse,skab,4,1,0.1159,0.4765,1.937529,1.043194,0.669,1.3
no_swse,skab,4,42,0.1178,0.4779,1.78274,1.017713,0.669,1.3
no_swse,smd,machine-1-1,0,0.9386,0.6666,,,0.095,35.5
no_swse,smd,machine-1-1,1,0.9391,0.6663,,,0.095,35.5
no_swse,smd,machine-1-1,42,0.939,0.6626,,,0.095,35.5
no_swse,smd,machine-1-4,0,0.9362,0.2609,,,0.03,29.6
no_swse,smd,machine-1-4,1,0.9381,0.2613,,,0.03,29.6
no_swse,smd,machine-1-4,42,0.9356,0.2624,,,0.03,29.5
no_swse,smd,machine-2-1,0,0.8002,0.2861,,,0.049,29.5
no_swse,smd,machine-2-1,1,0.807,0.3025,,,0.049,29.5
no_swse,smd,machine-2-1,42,0.8018,0.2941,,,0.049,29.6
lstm,skab,0,0,0.3955,0.7054,8.121112,1.762992,0.686,0.0
lstm,skab,0,1,0.4014,0.7093,8.25913,1.771958,0.686,0.0
lstm,skab,0,42,0.3975,0.7078,8.069068,1.746725,0.686,0.0
lstm,skab,1,0,0.3815,0.5992,2.73058,1.204514,0.689,0.0
lstm,skab,1,1,0.3791,0.5984,2.781883,1.215866,0.689,0.0
lstm,skab,1,42,0.3879,0.6027,2.729469,1.205652,0.689,0.0
lstm,skab,2,0,0.6666,0.8411,1.493213,0.93576,0.646,0.0
lstm,skab,2,1,0.6974,0.8565,1.495363,0.94123,0.646,0.0
lstm,skab,2,42,0.6952,0.8558,1.488698,0.943456,0.646,0.0
lstm,skab,3,0,0.9089,0.9675,2.492272,1.059946,0.69,0.0
lstm,skab,3,1,0.9103,0.9681,2.49916,1.060164,0.69,0.0
lstm,skab,3,42,0.9066,0.9666,2.47922,1.057914,0.69,0.0
lstm,skab,4,0,0.1612,0.483,2.474588,1.083652,0.653,0.0
lstm,skab,4,1,0.1671,0.4863,2.484336,1.085054,0.653,0.0
lstm,skab,4,42,0.1627,0.4833,2.485218,1.080779,0.653,0.0
lstm,smd,machine-1-1,0,0.9456,0.6992,50641.542969,1.868809,0.095,2.1
lstm,smd,machine-1-1,1,0.9434,0.6949,50641.390625,1.886236,0.095,2.0
lstm,smd,machine-1-1,42,0.9398,0.6917,50641.910156,1.869862,0.095,2.0
lstm,smd,machine-1-4,0,0.9325,0.248,196.827347,0.456691,0.03,1.7
lstm,smd,machine-1-4,1,0.9304,0.2429,196.755432,0.458641,0.03,1.7
lstm,smd,machine-1-4,42,0.9297,0.2477,196.78334,0.439502,0.03,1.7
lstm,smd,machine-2-1,0,0.7805,0.3053,1.572214,0.379829,0.049,1.7
lstm,smd,machine-2-1,1,0.7824,0.3083,1.584275,0.384881,0.049,1.8
lstm,smd,machine-2-1,42,0.774,0.2923,1.578439,0.381603,0.049,1.5
