data,comparison,pairs,units,mean_diff,unit_ci_lo,unit_ci_hi,units_positive,unit_wilcoxon_p,mixed_est,mixed_ci_lo,mixed_ci_hi,mixed_p
SMD,MSWEA,9,3,0.004944444444444455,-0.013695296174703019,0.02358418506359193,2,0.5,0.004944444444444457,-0.0035460918965740202,0.013434980785462933,0.2537115952294814
SMD,SWSE,9,3,-0.0023111111111111158,-0.008150058077551307,0.0035278358553290754,1,0.5,-0.002311111111111116,-0.00497087665229164,0.00034865443006940706,0.08856005996705316
SMD,Adversarial,9,3,-0.0027666666666666456,-0.011502845277035052,0.005969511943701759,1,0.5,-0.0027666666666666473,-0.0067462042568104345,0.0012128709234771398,0.17300471800423645
SKAB held out,MSWEA,15,5,0.037459999999999986,-0.04054786061384889,0.11546786061384888,3,0.3125,0.03746000000000002,-0.017606495932181304,0.09252649593218135,0.18243282663620286
SKAB held out,SWSE,15,5,-0.019406666666666673,-0.179842456313849,0.14102912298051562,3,1.0,-0.019406666666666725,-0.13265681631699083,0.09384348298365738,0.736975293560669
SKAB held out,Adversarial,15,5,-0.0007133333333333325,-0.00874172573504049,0.007315059068373825,3,1.0,-0.0007133333333333318,-0.006380738380072185,0.004954071713405522,0.8051460306958098
SKAB tail design,MSWEA,15,5,0.016459999999999985,-0.02530203133344443,0.058222031333444405,4,0.3125,0.016459999999999985,-0.01302078509882068,0.04594078509882065,0.27382068810934057
SKAB tail design,SWSE,15,5,-0.028373333333333344,-0.128024772288464,0.07127810562179733,2,0.625,-0.0283733333333333,-0.09871981291274354,0.04197314624607693,0.429220724354617
SKAB tail design,Adversarial,15,5,-0.0005933333333333272,-0.001538684691900286,0.0003520180252336312,2,0.3125,-0.0005933333333333273,-0.0020025962669199472,0.0008159296002532925,0.4092628098777711
Simulated v1 coupled,MSWEA,15,5,0.017293333333333345,-0.0028198221776611354,0.03740648884432783,4,0.125,0.01729333333333335,0.003094852652226523,0.03149181401444018,0.01697823675754488
Simulated v1 coupled,MSWEA vs matched,15,5,0.010640000000000028,-0.013864029193441409,0.035144029193441464,3,0.4375,0.010640000000000023,-0.006657790265908124,0.027937790265908168,0.22797620053991408
Simulated v1 independent,MSWEA,15,5,0.003499999999999992,-0.00022820973371471707,0.007228209733714701,5,0.0625,0.0034999999999999923,0.0008681644609715112,0.006131835539028473,0.009147337062136145
Simulated v1 independent,MSWEA vs matched,15,5,0.0030733333333333355,-0.0009266752403412726,0.007073341907007943,4,0.1875,0.0030733333333333355,0.00024962502387579745,0.005897041642790873,0.03290576545735381
Simulated v2 coupled,MSWEA,30,10,-0.019969999999999998,-0.05011304642002745,0.010173046420027452,3,0.232421875,-0.019969999999999984,-0.046086219214283325,0.006146219214283353,0.1339504527845629
Simulated v2 coupled,MSWEA vs matched,30,10,-0.021560000000000013,-0.04938106983216199,0.006261069832161965,3,0.083984375,-0.02156000000000001,-0.04566455361477978,0.0025445536147797564,0.07959103397751359
Simulated v2 independent,MSWEA,30,10,0.005116666666666647,0.0024839005571550415,0.007749432776178252,9,0.00390625,0.005116666666666645,0.00283560155136654,0.00739773178196675,1.100593167104375e-05
Simulated v2 independent,MSWEA vs matched,30,10,0.003999999999999989,0.0008368723166906895,0.007163127683309286,9,0.01171875,0.00399999999999999,0.0012594509895595012,0.0067405490104404785,0.00422722705202794
