method,dataset,id,auroc,pr_auc,mse,mae,anom_rate
mean,smd,machine-1-1,0.9234,0.6155,50645.1402,2.4157,0.0946
persistence,smd,machine-1-1,0.9361,0.6765,55329.4473,1.8516,0.0946
mean,smd,machine-1-4,0.8657,0.2242,197.6949,0.806,0.0304
persistence,smd,machine-1-4,0.9372,0.4512,284.9074,0.2787,0.0304
mean,smd,machine-2-1,0.749,0.3164,1.872,0.5662,0.0494
persistence,smd,machine-2-1,0.7376,0.1967,2.7617,0.4269,0.0494
mean,skab,0,0.3223,0.6889,9.1153,1.8608,0.6986
persistence,skab,0,0.4816,0.6905,1.4996,0.8615,0.6986
mean,skab,1,0.3149,0.5958,2.9382,1.2453,0.7016
persistence,skab,1,0.5116,0.6734,1.7266,0.8802,0.7016
mean,skab,2,0.6488,0.8362,1.6171,0.979,0.6621
persistence,skab,2,0.5006,0.6648,1.3502,0.7858,0.6621
mean,skab,3,0.8275,0.9419,2.547,1.084,0.7026
persistence,skab,3,0.5256,0.7305,1.5458,0.8463,0.7026
mean,skab,4,0.1689,0.4965,2.7166,1.1302,0.6686
persistence,skab,4,0.6588,0.7584,1.5088,0.8543,0.6686
